index,image_url,character_tags
126355,https://orca2.furtrack.com/gallery/1846/126355-d017452f73c5ddc799919a398aa59113.jpg,"puii妞龍_(dragon),dog_(豆格)"
126356,https://orca2.furtrack.com/gallery/1846/126356-6265404d8cff721d6e3b6603891a841f.jpg,genun_(玄雲)
126357,https://orca2.furtrack.com/gallery/1846/126357-fa544d147ae236529f9e5a3cf2e18338.jpg,dog_(豆格)
126358,https://orca2.furtrack.com/gallery/1546/126358-e00d476b109c54f9d7802e705963f737.jpg,"myst,dune_coyote,stitches_(fox),skye_(husky)"
126359,https://orca2.furtrack.com/gallery/1546/126359-074217a887f4db9ec9c2324935a55bc3.jpg,"ferinoch,myst,dune_coyote"
126360,https://orca2.furtrack.com/gallery/1546/126360-2211011a00d6e27f035bf258a5dc62a0.jpg,"l0st,ferinoch,closetfox,dune_coyote,denver_richenbacher,stitches_(fox),skye_(husky),coda_blueflame,fusion,aurora_sol,xasyr,synk_wolf_martin"
126355,https://orca2.furtrack.com/gallery/1846/126355-d017452f73c5ddc799919a398aa59113.jpg,"puii妞龍_(dragon),dog_(豆格)"
126356,https://orca2.furtrack.com/gallery/1846/126356-6265404d8cff721d6e3b6603891a841f.jpg,genun_(玄雲)
126357,https://orca2.furtrack.com/gallery/1846/126357-fa544d147ae236529f9e5a3cf2e18338.jpg,dog_(豆格)
126355,https://orca2.furtrack.com/gallery/1846/126355-d017452f73c5ddc799919a398aa59113.jpg,"puii妞龍_(dragon),dog_(豆格)"
126356,https://orca2.furtrack.com/gallery/1846/126356-6265404d8cff721d6e3b6603891a841f.jpg,genun_(玄雲)
126357,https://orca2.furtrack.com/gallery/1846/126357-fa544d147ae236529f9e5a3cf2e18338.jpg,dog_(豆格)
126358,https://orca2.furtrack.com/gallery/1546/126358-e00d476b109c54f9d7802e705963f737.jpg,"myst,dune_coyote,stitches_(fox),skye_(husky)"
126359,https://orca2.furtrack.com/gallery/1546/126359-074217a887f4db9ec9c2324935a55bc3.jpg,"ferinoch,myst,dune_coyote"
126360,https://orca2.furtrack.com/gallery/1546/126360-2211011a00d6e27f035bf258a5dc62a0.jpg,"l0st,ferinoch,closetfox,dune_coyote,denver_richenbacher,stitches_(fox),skye_(husky),coda_blueflame,fusion,aurora_sol,xasyr,synk_wolf_martin"
126355,https://orca2.furtrack.com/gallery/1846/126355-d017452f73c5ddc799919a398aa59113.jpg,"puii妞龍_(dragon),dog_(豆格)"
126356,https://orca2.furtrack.com/gallery/1846/126356-6265404d8cff721d6e3b6603891a841f.jpg,genun_(玄雲)
